Product_Name,SKU,images,Product_Shipping_Weight,Product_Weight,Cubic_Feet,UPC,Color,Number_of_Cartons,Packing_Carton_Width,Packing_Carton_Depth,Packing_Carton_Height,Actual_Product_Length,Actual_Product_Width,Actual_Product_Height,Drawer_Length,Drawer_Width,Drawer_height,Shelf_Length,Shelf_Width,Materials,Product_Description,Feature_1,Feature_2,Feature_3,Feature_4,Feature_5,Feature_6,Feature_7,Feature_8,Feature_9,Maximum_Shelf_Weight_Capacity,Care_Instructions,Assembly_required,Product_Shipping_Method,WxDxH,Billable_weight,Zone_8,wholesale_price,Retail,Warranty
,,,,,,,,,,,,,,,,,,,,,,,,,,,,,,,,,,,,,,,,
,,,,,,,,,,,,,,,,,,,,,,,,,,,,,,,,,,,,,,,,
,,,,,,,,,,,,,,,,,,,,,,,,,,,,,,,,,,,,,,,,
,,,,,,,,,,,,,,,,,,,,,,,,,,,,,,,,,,,,,,,,
,,,,,,,,,,,,,,,,,,,,,,,,,,,,,,,,,,,,,,,,
,,,,,,,,,,,,,,,,,,,,,,,,,,,,,,,,,,,,,,,,
,,,,,,,,,,,,,,,,,,,,,,,,,,,,,,,,,,,,,,,,
,,,,,,,,,,,,,,,,,,,,,,,,,,,,,,,,,,,,,,,,
,,,,,,,,,,,,,,,,,,,,,,,,,,,,,,,,,,,,,,,,
accent,,,,,,,,,,,,,,,,,,,,,,,,,,,,,,,,,,,,,,,,
Product Name,SKU,,,Product_Shipping_Weight,,Product_Weight,UPC,Color,Number_of_Cartons,Cubic_Feet,Packing_Carton_Width,Packing_Carton_Depth,Packing_Carton_Height,Actual_Product_Length,Actual_Product_Width,Actual_Product_Height,Drawer_Length,Drawer_Width,Drawer_height,Shelf_Length,Shelf_Width,Materials,Inches_in_between_shelf,Drawer height,Product_Description,Feature_1,Feature_2,Feature_3,Feature_4,Feature_5,Feature_6,Feature_7,Care_Instructions,Assembly_required,Product_Shipping_Method,wholesale_price,Retail,Warranty,,
bath accessores,,,,,,,,,,,,,,,,,,,,,,,,,,,,,,,,,,,,,,,,
Product_Name,SKU,Product_Shipping_Weight,Product_Weight,Cubic_Feet,UPC,Color,Packing_Carton_Depth,Packing_Carton_Width,Packing_Carton_Height,Actual_Product_Length,Actual_Product_Width,Actual_Product_Height,Materials,Product_Description,Feature_1,Feature_2,Feature_3,Feature_4,Feature_5,Feature_6,Care_Instructions,Assembly_required,Product_Shipping_Method,Zone_8,wholesale_price,Retail,Warranty,,,,,,,,,,,,,
bath Hardware,,,,,,,,,,,,,,,,,,,,,,,,,,,,,,,,,,,,,,,,
Product_Name,SKU,Product_Shipping_Weight,Product_Weight,Cubic_Feet,UPC,Color,Packing_Carton_Depth,Packing_Carton_Width,Packing_Carton_Height,Actual_Product_Length,Actual_Product_Width,Actual_Product_Height,Mirror_size,Materials,Product_Description,Feature_1,Feature_2,Feature_3,Feature_4,Feature_5,Feature_6,Care_Instructions,Assembly_required,Product_Shipping_Method,Zone_8,wholesale_price,Retail,Warranty,,,,,,,,,,,,
BeautyDevice,,,,,,,,,,,,,,,,,,,,,,,,,,,,,,,,,,,,,,,,
Product_Name,SKU,UPC,Product_Shipping_Weight_kg,Product_Weight_kg,Product_Shipping_Weight,Product_Weight,Packing_Carton_Width,Packing_Carton_Depth,Packing_Carton_Height,Actual_Product_Length,Actual_Product_Width,Actual_Product_Height,Quantity_in_box,Package,LED ,UV,Battery_included,Battery_type,Product_Description,Feature_1,Feature_2,Feature_3,Feature_4,Feature_5,Feature_6,wholesale_price,Retail,Warranty,,,,,,,,,,,,
BookCase,,,,,,,,,,,,,,,,,,,,,,,,,,,,,,,,,,,,,,,,
Product_Name,SKU,,,Product_Shipping_Weight,,Product_Weight,UPC,Color,Number_of_Cartons,Cubic_Feet,Packing_Carton_Width,Packing_Carton_Depth,Packing_Carton_Height,Actual_Product_Length,Actual_Product_Width,Actual_Product_Height,Drawer_Length,Drawer_Width,Shelf_Length,Shelf_Width,Materials,Inches_in_between_shelf,Drawer_height,Product_Description,Product_Specifications,Feature_1,Feature_2,Feature_3,Care_Instructions,Assembly_required,Product_Shipping_Method,Zone_8,wholesale_price,2014_Delivered_Price,Retail,Warranty,,,,
Garden,,,,,,,,,,,,,,,,,,,,,,,,,,,,,,,,,,,,,,,,
Product_Name,SKU,Product_Shipping_Weight,Product_Weight,Cubic_Feet,UPC,Color,Packing_Carton_Depth,Packing_Carton_Width,Packing_Carton_Height,Actual_Product_Length,Actual_Product_Width,Actual_Product_Height,Capacity,Materials,Product_Description,Feature_1,Feature_2,Feature_3,Feature_4,Feature_5,Care_Instructions,Assembly_required,Product_Shipping_Method,Zone_8,wholesale_price,Wholesale_5%_Pad,Wholesale_10%_Pad,Delivered Price,Retail,Warranty,,,,,,,,,,
HookAndRod,,,,,,,,,,,,,,,,,,,,,,,,,,,,,,,,,,,,,,,,
Product_Name,SKU,Product_Shipping_Weight,Product_Weight,Cubic_Feet,UPC,Color,Packing_Carton_Width,Packing_Carton_Depth,Packing_Carton_Height,Actual_Product_Length,Actual_Product_Width,Actual_Product_Height,Materials,Product_Description,Feature_1,Feature_2,Feature_3,Feature_4,Feature_5,Care_Instructions,Assembly_required,Product_Shipping_Method,Zone_8,wholesale_price,Retail,Warranty,,,,,,,,,,,,,,
LED,,,,,,,,,,,,,,,,,,,,,,,,,,,,,,,,,,,,,,,,
Product_Name,SKU,UPC,Product_Shipping_Weight,Product_Weight,Packing_Carton_Width,Packing_Carton_Depth,Packing_Carton_Height,Actual_Product_Length,Actual_Product_Width,Actual_Product_Height,Quantity_in_box,Solar_panel,LED_color,Battery_included,Product_Description,Feature_1,Feature_2,Feature_3,Feature_4,Feature_5,Product_Shipping_Method,Zone_8,wholesale_price,Retail,Warranty,,,,,,,,,,,,,,,
OTD,,,,,,,,,,,,,,,,,,,,,,,,,,,,,,,,,,,,,,,,
Product_Name,SKU,Product_Shipping_Weight,Product_Weight,Cubic_Feet,UPC,Color,Packing_Carton_Depth,Packing_Carton_Width,Packing_Carton_Height,Actual_Product_Length,Actual_Product_Width,Actual_Product_Height,Materials,Product_Description,Feature_1,Feature_2,Feature_3,Feature_4,Feature_5,Feature_6,Care_Instructions,Assembly_required,Product_Shipping_Method,Zone_8,wholesale_price,Wholesale_5%_Pad,Wholesale_10%_Pad,Delivered Price,Retail,Warranty,,,,,,,,,,
PET,,,,,,,,,,,,,,,,,,,,,,,,,,,,,,,,,,,,,,,,
Product_Name,SKU,Product_Shipping_Weight,Product_Weight,Cubic_Feet,UPC,Color,Packing_Carton_Depth,Packing_Carton_Width,Packing_Carton_Height,Actual_Product_Length,Actual_Product_Width,Actual_Product_Height,Materials,Product_Description,Feature_1,Feature_2,Feature_3,Feature_4,Feature_5,Feature_6,Feature_7,Feature_8,Feature_9,Care_Instructions,Assembly_required,Product_Shipping_Method,WxDxH,Billable_weight,Zone_8,wholesale_price,Retail,Warranty,,,,,,,,
curtain,,,,,,,,,,,,,,,,,,,,,,,,,,,,,,,,,,,,,,,,
Product_Name,SKU,Product_Shipping_Weight,Product_Weight,Cubic_Feet,UPC,Color,Packing_Carton_Depth,Packing_Carton_Width,Packing_Carton_Height,Actual_Product_Width,Actual_Product_Height,Materials,Product_Description,Feature_1,Feature_2,Feature_3,Feature_4,Feature_5,Care_Instructions,Assembly_required,Product_Shipping_Method,Zone_8,wholesale_price,Retail,Warranty,,,,,,,,,,,,,,,
Window Hardware,,,,,,,,,,,,,,,,,,,,,,,,,,,,,,,,,,,,,,,,
Product_Name,SKU,Product_Shipping_Weight,Product_Weight,Cubic_Feet,UPC,Color,Packing_Carton_Depth,Packing_Carton_Width,Packing_Carton_Height,Product_Diameter,Actual_Product_Length,Actual_Product_Width,Actual_Product_Height,Materials,Product_Description,Feature_1,Feature_2,Feature_3,Feature_4,Feature_5,Care_Instructions,Assembly_required,Product_Shipping_Method,Zone_8,wholesale_price,Retail,Warranty,,,,,,,,,,,,,
Window Panel,,,,,,,,,,,,,,,,,,,,,,,,,,,,,,,,,,,,,,,,
Product_Name,SKU,Product_Shipping_Weight,Product_Weight,Cubic_Feet,UPC,Color,Packing_Carton_Depth,Packing_Carton_Width,Packing_Carton_Height,Actual_Product_Width,Actual_Product_Height,Materials,Product_Description,Feature_1,Feature_2,Feature_3,Feature_4,Feature_5,Care_Instructions,Assembly_required,Product_Shipping_Method,Zone_8,wholesale_price,Retail,Warranty,,,,,,,,,,,,,,,
